{
  "pair": "XAGUSD",
  "version": "5.2",
  "trained_at": "2026-05-09T23:27:06.166078+00:00",
  "training_samples": 58644,
  "train_samples": 46915,
  "val_samples": 11729,
  "skipped_moments": 151,
  "n_features": 93,
  "incremental": false,
  "use_replay": false,
  "train_mae": 0.417791,
  "val_mae": 0.005506,
  "val_r2": 0.0,
  "val_corr": 0.0,
  "top_features": [
    [
      "im_vix",
      0.404368
    ],
    [
      "tp_sl_pips",
      0.293427
    ],
    [
      "tp_score",
      0.289524
    ],
    [
      "fx_spread_pips",
      0.00387
    ],
    [
      "fq_smc_score",
      0.000985
    ],
    [
      "st_session",
      0.000493
    ],
    [
      "vs_atr",
      0.000462
    ],
    [
      "st_is_london_open",
      0.00041
    ],
    [
      "mt_rsi_agreement",
      0.000336
    ],
    [
      "mt_trend_agreement",
      0.000265
    ],
    [
      "vs_surge_ratio",
      0.000262
    ],
    [
      "st_is_overlap",
      0.000252
    ],
    [
      "ap_atr_ratio",
      0.000246
    ],
    [
      "mr_h4_rsi",
      0.000246
    ],
    [
      "vs_momentum_velocity",
      0.000232
    ]
  ],
  "quintile_calibration": {
    "1_BOTTOM": [
      0.0041,
      0.0,
      0.0,
      2345
    ],
    "2": [
      0.004,
      0.0,
      0.0,
      2345
    ],
    "3": [
      0.0038,
      0.0,
      0.0,
      2345
    ],
    "4": [
      0.0042,
      0.0,
      0.0,
      2345
    ],
    "5_TOP": [
      0.004,
      0.0,
      0.0,
      2349
    ]
  },
  "y_mean": 2.0259,
  "y_std": 2.1932,
  "y_positive_pct": 0.4871,
  "n_negative_db": 1516,
  "n_negative_synth": 28564,
  "n_negative_total": 30080,
  "total_positive_samples": 28564
}